{
    "splashScreen": {
        "desktop": {
            "desktopweb": {},
            "kiosk": {}
        },
        "mobile": {
            "android": {},
            "iphone": {
                "splashConfig": {
                    "_skin_": "seafbdb4a4034f6fae9805b12dfe4209",
                    "children": []
                }
            },
            "spa": {},
            "spaan": {},
            "spaip": {},
            "spawinphone8": {},
            "winphone10": {},
            "winphone8": {}
        },
        "tablet": {
            "android": {},
            "ipad": {
                "landscape": {},
                "splashConfig": {
                    "_skin_": "seafbdb4a4034f6fae9805b12dfe4209",
                    "children": []
                }
            },
            "spa": {},
            "spaandroidtablet": {},
            "spaipad": {},
            "spawindowstablet": {},
            "windows8": {}
        }
    }
}