{
    "@class": "com.kony.gen.viz.model.component.KVizUserWidget",
    "DNDConfig": null,
    "_children_": [],
    "_height_": {
        "type": "string",
        "value": "15%"
    },
    "_left_": {
        "type": "string",
        "value": "0dp"
    },
    "_margin_": [
        0,
        0,
        0,
        0
    ],
    "_orientation_": 1,
    "_padding_": [
        0,
        0,
        0,
        0
    ],
    "_percent_": true,
    "_skin_": "s047a6a89ebb46ebb4e68a9d80f4d6ab",
    "_top_": {
        "type": "string",
        "value": "10dp"
    },
    "_width_": {
        "type": "string",
        "value": "100%"
    },
    "areflexpropsreferenced": false,
    "autogrowmode": 0,
    "canUpdateUI": true,
    "clipbounds": false,
    "containerweight": 0,
    "dataDiffs": {
        "formheader": {
            "__events__": {},
            "__info__": {
                "isRoot": true,
                "kuid": "i15a9811ef3c4d578d2d04e605c2f7c8",
                "srcKUID": "dc2d33293bc64e338c2ba69c99fc05d7",
                "wType": "FlexContainer"
            },
            "autogrowMode": {
                "Default": 0
            },
            "height": {
                "Default": {
                    "type": "string",
                    "value": "15%"
                }
            },
            "responsiveData": {},
            "top": {
                "Default": {
                    "type": "string",
                    "value": "10dp"
                }
            }
        },
        "imgLogo": {
            "__events__": {},
            "__info__": {
                "kuid": "df0d5d3819244d0a9e2d380f40483c77",
                "srcKUID": "d61f3648f9a94ecd850b0867c817547a",
                "wType": "Image"
            }
        }
    },
    "enablescrolling": true,
    "id": "formheader",
    "info": null,
    "iscustomlayout": false,
    "isdatareferenced": false,
    "isvisible": true,
    "kuid": "i15a9811ef3c4d578d2d04e605c2f7c8",
    "layouttype": 2,
    "masterType": 0,
    "name": "kony.ui.UserWidgetInstance",
    "parent": "frmLogin",
    "pf": "frmLogin",
    "retaincontentalignment": false,
    "retainflexpositionproperties": false,
    "retainflowhorizontalalignment": false,
    "snapgridsize": 10,
    "snaptogrid": true,
    "sourceUserWidget": "dc2d33293bc64e338c2ba69c99fc05d7",
    "wType": "UserWidgetInstance",
    "zindex": 1
}