{
    "@class": "com.kony.gen.viz.model.container.KVizScrollFlexForm",
    "DNDConfig": null,
    "_margin_": [
        0,
        0,
        0,
        0
    ],
    "_orientation_": 1,
    "_padding_": [
        0,
        0,
        0,
        0
    ],
    "_percent_": true,
    "_skin_": "s4b1df8d73bc4aa0bd2d47535a7a67f2",
    "_title_": null,
    "addWidgetsdone": false,
    "allboxes": [],
    "android": {
        "needAppMenu": false,
        "psp": {
            "windowSoftInputMode": 1
        }
    },
    "androidwearos": {
        "needAppMenu": false,
        "psp": {
            "windowSoftInputMode": 1
        }
    },
    "breakpointInfo": {
        "b1": {
            "width": 1366
        },
        "b2": {
            "width": 1024
        },
        "b3": {
            "width": 640
        }
    },
    "canUpdateUI": true,
    "canvasWidth": 1200,
    "children": [
        "formheader",
        "login"
    ],
    "containerweight": 100,
    "controllerInfo": {
        "default": {
            "channel": "desktop",
            "name": "frmLoginController"
        }
    },
    "currentLocale": "default",
    "desktopweb": {
        "needAppMenu": false
    },
    "device": "desktopweb",
    "displayorientation": 1,
    "enabledforidletimeout": false,
    "id": "frmLogin",
    "info": null,
    "initdone": false,
    "inputaccessoryviewtype": 4,
    "ipad": {
        "needAppMenu": false,
        "psp": {
            "inputAccessoryViewType": 4
        },
        "titleBar": false
    },
    "iphone": {
        "needAppMenu": false,
        "psp": {
            "inputAccessoryViewType": 4
        },
        "titleBar": false
    },
    "iscustomlayout": false,
    "isvisible": true,
    "kiosk": {
        "needAppMenu": false
    },
    "kuid": "i1507eed58f04c8a9927e2e004373a4c",
    "layouttype": 2,
    "name": "kony.ui.Form2",
    "needappmenu": false,
    "paddinginpixel": false,
    "platform": "desktopweb",
    "prevDevice": "desktopweb",
    "prevPlatform": "desktopweb",
    "retaincontentalignment": false,
    "retainflexpositionproperties": false,
    "retainscrollposition": false,
    "snapgridsize": 10,
    "snaptogrid": true,
    "spaan": {
        "needAppMenu": false
    },
    "spaandroidtablet": {
        "needAppMenu": false
    },
    "spaip": {
        "needAppMenu": false
    },
    "spaipad": {
        "needAppMenu": false
    },
    "spawindowstablet": {
        "needAppMenu": false
    },
    "spawinphone8": {
        "needAppMenu": false
    },
    "titleBarSkin": "s439692415dd428fb8c0c592281b057b",
    "titlebar": true,
    "type": 3,
    "wType": "Form",
    "windows8": {
        "needAppMenu": false
    },
    "winphone8": {
        "needAppMenu": false
    }
}