{
    "splashScreen": {
        "desktop": {
            "desktopweb": {},
            "kiosk": {}
        },
        "mobile": {
            "android": {},
            "iphone": {
                "splashConfig": {
                    "_skin_": "see410e38fff41bc88c32416fee11924",
                    "children": []
                }
            },
            "spa": {},
            "spaan": {},
            "spaip": {},
            "spawinphone8": {},
            "winphone10": {},
            "winphone8": {}
        },
        "tablet": {
            "android": {},
            "ipad": {
                "landscape": {},
                "splashConfig": {
                    "_skin_": "see410e38fff41bc88c32416fee11924",
                    "children": []
                }
            },
            "spa": {},
            "spaandroidtablet": {},
            "spaipad": {},
            "spawindowstablet": {},
            "windows8": {}
        }
    }
}