{
    "AS_Form_fb69639ddd7d4046a122186e6cc2b1de": {
        "id": "AS_Form_fb69639ddd7d4046a122186e6cc2b1de",
        "type": "ACTION_SEQUENCE",
        "params": [{
            "datatype": "collection",
            "name": "eventobject"
        }],
        "contextObj": {
            "name": "frmAccounts",
            "type": "forms",
            "platform": "",
            "KUID": "j2509fb6d9f340e39b34d2456b4ceea7"
        },
        "language": "js",
        "actions": [{
            "id": "INVOKE_FUNCTION__feaec381dd1d4175b01643fe43ea057f",
            "type": "INVOKE_FUNCTION",
            "sequenceKUID": "fetchAccounts",
            "display": "fetchAccounts",
            "inputparams": [],
            "parentId": null,
            "callbackType": null,
            "disabled": null,
            "source": "controller"
        }]
    }
}