{
    "AS_UWI_j7f7ad1361914ee2af34bb7203e0798c": {
        "id": "AS_UWI_j7f7ad1361914ee2af34bb7203e0798c",
        "type": "ACTION_SEQUENCE",
        "params": [],
        "contextObj": {
            "name": "frmLogin",
            "type": "forms",
            "platform": "",
            "KUID": "i1507eed58f04c8a9927e2e004373a4c"
        },
        "language": "js",
        "actions": [{
            "id": "INVOKE_FUNCTION__cd619fe9be8942bc968e778fdf03c672",
            "type": "INVOKE_FUNCTION",
            "sequenceKUID": "loginFailureHandler",
            "display": "loginFailureHandler",
            "inputparams": [],
            "parentId": null,
            "callbackType": null,
            "disabled": null,
            "source": "controller"
        }]
    }
}