{
  "android": {
    "font_size": 100,
    "isForked": false
  },
  "androidwearos": {
    "font_size": 100,
    "isForked": false
  },
  "background_color": "ffffff00",
  "bg_type": "one",
  "border_color": "000000ff",
  "border_style": "plain",
  "border_type": 0,
  "border_width": 0,
  "desktopweb": {
    "font_size": 100,
    "isForked": false
  },
  "fontSizeInPx": false,
  "font_color": "161616ff",
  "font_name": "iphoneSystem",
  "font_size": 100,
  "font_style": "normal",
  "font_weight": "400",
  "ipad": {
    "font_size": 100,
    "isForked": false
  },
  "iphone": {
    "font_size": 100,
    "isForked": false
  },
  "isDefaultSkin": false,
  "kiosk": {
    "font_size": 100,
    "isForked": false
  },
  "kuid": "s6eb8d0b89a7446ca6d2353da3d651fc",
  "spaan": {
    "font_size": 100,
    "isForked": false
  },
  "spaandroidtablet": {
    "font_size": 100,
    "isForked": false
  },
  "spaip": {
    "font_size": 100,
    "isForked": false
  },
  "spaipad": {
    "font_size": 100,
    "isForked": false
  },
  "spawindowstablet": {
    "font_size": 100,
    "isForked": false
  },
  "spawinphone8": {
    "font_size": 100,
    "isForked": false
  },
  "tabrcandroid": {
    "font_size": 100,
    "isForked": false
  },
  "wType": "CheckBoxGroup",
  "watchos": {
    "font_size": 100,
    "isForked": false
  },
  "windows8": {
    "font_size": 100,
    "isForked": false
  },
  "winphone8": {
    "font_size": 100,
    "isForked": false
  }
}