{
    "@class": "com.kony.gen.viz.model.component.KVizButton",
    "DNDConfig": null,
    "_height_": {
        "type": "ref",
        "value": "preferred"
    },
    "_margin_": [
        6,
        6,
        6,
        6
    ],
    "_padding_": [
        0,
        0,
        0,
        0
    ],
    "_right_": {
        "type": "string",
        "value": "5dp"
    },
    "_skin_": "s1a10167fcca496895f1bd70034516a3",
    "_text_": "Forgot Password",
    "_width_": {
        "type": "ref",
        "value": "preferred"
    },
    "canUpdateUI": true,
    "centery": {
        "type": "string",
        "value": "50%"
    },
    "containerweight": 100,
    "contentalignment": 5,
    "displaytext": true,
    "focusskin": "s90642eef33540ea8f47e656b3ae8d46",
    "id": "btnForgotPassword",
    "info": null,
    "iscustomlayout": false,
    "isvisible": true,
    "kuid": "eed4fb3ef03b494684a5aa07d4812bba",
    "name": "kony.ui.Button",
    "parent": "flexRememberAndForGotPasswordOptions",
    "pf": "userwidgetmodel",
    "retaincontentalignment": false,
    "retainflexpositionproperties": false,
    "wType": "Button",
    "zindex": 1
}