{
    "@class": "com.kony.gen.viz.model.component.KVizLabel",
    "DNDConfig": null,
    "__parentReadjusting__": false,
    "_height_": {
        "type": "ref",
        "value": "preferred"
    },
    "_margin_": [
        1,
        1,
        1,
        1
    ],
    "_padding_": [
        0,
        0,
        0,
        0
    ],
    "_right_": {
        "type": "string",
        "value": "9%"
    },
    "_skin_": "s9686fb7e2bb491f9f5e6c1ba4013120",
    "_text_": "Timestamp",
    "_top_": {
        "type": "string",
        "value": "10%"
    },
    "_width_": {
        "type": "ref",
        "value": "preferred"
    },
    "_wrapping_": 2,
    "canUpdateUI": true,
    "containerId": true,
    "containerweight": 100,
    "contentalignment": 4,
    "id": "lblTime",
    "info": null,
    "ipad": {
        "psp": {
            "wrapping": 2
        }
    },
    "isvisible": true,
    "kuid": "b1bc33a097f34437af8734aeb78b2847",
    "name": "kony.ui.Label",
    "parent": "flxSampleRowTemplate",
    "pf": "SampleRowTemplate",
    "textstyle": {},
    "tooltip": "",
    "wType": "Label",
    "zindex": 1
}