{
    "@class": "com.kony.gen.viz.model.component.KVizLabel",
    "DNDConfig": null,
    "__parentReadjusting__": false,
    "_height_": {
        "type": "string",
        "value": "100%"
    },
    "_left_": {
        "type": "string",
        "value": "0dp"
    },
    "_margin_": [
        1,
        1,
        1,
        1
    ],
    "_padding_": [
        0,
        0,
        0,
        0
    ],
    "_skin_": "s2baa8c837194d78b6d9b0fd4a3c060c",
    "_text_": "",
    "_top_": {
        "type": "string",
        "value": "0dp"
    },
    "_width_": {
        "type": "ref",
        "value": "preferred"
    },
    "_wrapping_": 2,
    "canUpdateUI": true,
    "containerId": true,
    "containerweight": 100,
    "contentalignment": 4,
    "id": "lblStrip",
    "info": null,
    "ipad": {
        "psp": {
            "wrapping": 2
        }
    },
    "isvisible": true,
    "kuid": "be4c61aaeb1e463c9cc86ea11860ed11",
    "maxwidth": {
        "type": "string",
        "value": "1%"
    },
    "name": "kony.ui.Label",
    "parent": "flxSampleRowTemplate",
    "pf": "SampleRowTemplate",
    "textstyle": {},
    "tooltip": "",
    "wType": "Label",
    "zindex": 1
}