{
    "android": {
        "font_name": "default",
        "font_size": 107,
        "font_weight": "bold",
        "isForked": true,
        "text_shadow": {
            "br": 0,
            "color": "000000",
            "nm": 0,
            "x": 0,
            "y": 0
        }
    },
    "androidwearos": {
        "font_name": "default",
        "font_size": 107,
        "font_weight": "bold",
        "isForked": true
    },
    "background_color": "00000000",
    "bg_type": "one",
    "border_color": "424242ff",
    "border_style": "plain",
    "border_type": 0,
    "border_width": 0,
    "desktopweb": {
        "font_name": "Helvetica",
        "font_size": 107,
        "font_weight": "bold",
        "isForked": true,
        "shadow": {
            "br": 0,
            "color": "000000",
            "inner": false,
            "nm": 0,
            "x": 0,
            "y": 0
        },
        "text_shadow": {
            "br": 0,
            "color": "000000",
            "nm": 0,
            "x": 0,
            "y": 0
        }
    },
    "fontSizeInPx": false,
    "font_color": "000000ff",
    "font_name": "Helvetica",
    "font_size": 160,
    "font_style": "normal",
    "font_weight": "normal",
    "ipad": {
        "font_name": "System",
        "font_size": 107,
        "isForked": true,
        "shadow": {
            "br": 0,
            "color": "000000",
            "inner": false,
            "nm": 0,
            "x": 0,
            "y": 0
        },
        "text_shadow": {
            "br": 0,
            "color": "000000",
            "nm": 0,
            "x": 0,
            "y": 0
        }
    },
    "iphone": {
        "font_name": "System",
        "font_size": 107,
        "isForked": true,
        "shadow": {
            "br": 0,
            "color": "000000",
            "inner": false,
            "nm": 0,
            "x": 0,
            "y": 0
        },
        "text_shadow": {
            "br": 0,
            "color": "000000",
            "nm": 0,
            "x": 0,
            "y": 0
        }
    },
    "isDefaultSkin": false,
    "kiosk": {
        "font_name": "None",
        "font_size": 107,
        "font_weight": "bold",
        "isForked": true
    },
    "kuid": "s41c4dae6423476cbd9627242b050071",
    "spaan": {
        "font_name": "Helvetica",
        "font_size": 107,
        "font_weight": "bold",
        "isForked": true,
        "shadow": {
            "br": 0,
            "color": "000000",
            "inner": false,
            "nm": 0,
            "x": 0,
            "y": 0
        },
        "text_shadow": {
            "br": 0,
            "color": "000000",
            "nm": 0,
            "x": 0,
            "y": 0
        }
    },
    "spaandroidtablet": {
        "font_name": "Helvetica",
        "font_size": 107,
        "font_weight": "bold",
        "isForked": true,
        "shadow": {
            "br": 0,
            "color": "000000",
            "inner": false,
            "nm": 0,
            "x": 0,
            "y": 0
        },
        "text_shadow": {
            "br": 0,
            "color": "000000",
            "nm": 0,
            "x": 0,
            "y": 0
        }
    },
    "spaip": {
        "font_name": "Helvetica",
        "font_size": 107,
        "font_weight": "bold",
        "isForked": true,
        "shadow": {
            "br": 0,
            "color": "000000",
            "inner": false,
            "nm": 0,
            "x": 0,
            "y": 0
        },
        "text_shadow": {
            "br": 0,
            "color": "000000",
            "nm": 0,
            "x": 0,
            "y": 0
        }
    },
    "spaipad": {
        "font_name": "Helvetica",
        "font_size": 107,
        "font_weight": "bold",
        "isForked": true,
        "shadow": {
            "br": 0,
            "color": "000000",
            "inner": false,
            "nm": 0,
            "x": 0,
            "y": 0
        },
        "text_shadow": {
            "br": 0,
            "color": "000000",
            "nm": 0,
            "x": 0,
            "y": 0
        }
    },
    "spawindowstablet": {
        "font_name": "Helvetica",
        "font_size": 107,
        "font_weight": "bold",
        "isForked": true,
        "shadow": {
            "br": 0,
            "color": "000000",
            "inner": false,
            "nm": 0,
            "x": 0,
            "y": 0
        },
        "text_shadow": {
            "br": 0,
            "color": "000000",
            "nm": 0,
            "x": 0,
            "y": 0
        }
    },
    "spawinphone8": {
        "font_name": "Helvetica",
        "font_size": 107,
        "font_weight": "bold",
        "isForked": true,
        "shadow": {
            "br": 0,
            "color": "000000",
            "inner": false,
            "nm": 0,
            "x": 0,
            "y": 0
        },
        "text_shadow": {
            "br": 0,
            "color": "000000",
            "nm": 0,
            "x": 0,
            "y": 0
        }
    },
    "tabrcandroid": {
        "font_name": "default",
        "font_size": 107,
        "font_weight": "bold",
        "isForked": true,
        "text_shadow": {
            "br": 0,
            "color": "000000",
            "nm": 0,
            "x": 0,
            "y": 0
        }
    },
    "wType": "Label",
    "watchos": {
        "font_name": "System",
        "font_size": 107,
        "font_weight": "bold",
        "isForked": true
    },
    "windows8": {
        "font_name": "None",
        "font_size": 107,
        "font_weight": "bold",
        "isForked": true
    },
    "winphone8": {
        "font_name": "None",
        "font_size": 107,
        "font_weight": "bold",
        "isForked": true
    }
}