{
    "@class": "com.kony.gen.viz.model.container.KVizSegment2",
    "DNDConfig": null,
    "_data_": [
        [
            {
                "lblSectionHeader": {
                    "@class": "com.viz.ide.model.segment.SimpleTextSegmentData",
                    "text": "Label"
                }
            },
            [
                {
                    "lblData": {
                        "@class": "com.viz.ide.model.segment.SimpleTextSegmentData",
                        "text": "Label"
                    }
                },
                {
                    "lblData": {
                        "@class": "com.viz.ide.model.segment.SimpleTextSegmentData",
                        "text": "Label"
                    }
                },
                {
                    "lblData": {
                        "@class": "com.viz.ide.model.segment.SimpleTextSegmentData",
                        "text": "Label"
                    }
                },
                {
                    "lblData": {
                        "@class": "com.viz.ide.model.segment.SimpleTextSegmentData",
                        "text": "Label"
                    }
                },
                {
                    "lblData": {
                        "@class": "com.viz.ide.model.segment.SimpleTextSegmentData",
                        "text": "Label"
                    }
                },
                {
                    "lblData": {
                        "@class": "com.viz.ide.model.segment.SimpleTextSegmentData",
                        "text": "Label"
                    }
                },
                {
                    "lblData": {
                        "@class": "com.viz.ide.model.segment.SimpleTextSegmentData",
                        "text": "Label"
                    }
                },
                {
                    "lblData": {
                        "@class": "com.viz.ide.model.segment.SimpleTextSegmentData",
                        "text": "Label"
                    }
                },
                {
                    "lblData": {
                        "@class": "com.viz.ide.model.segment.SimpleTextSegmentData",
                        "text": "Label"
                    }
                },
                {
                    "lblData": {
                        "@class": "com.viz.ide.model.segment.SimpleTextSegmentData",
                        "text": "Label"
                    }
                }
            ]
        ],
        [
            {
                "lblSectionHeader": {
                    "@class": "com.viz.ide.model.segment.SimpleTextSegmentData",
                    "text": "Label"
                }
            },
            [
                {
                    "lblData": {
                        "@class": "com.viz.ide.model.segment.SimpleTextSegmentData",
                        "text": "Label"
                    }
                },
                {
                    "lblData": {
                        "@class": "com.viz.ide.model.segment.SimpleTextSegmentData",
                        "text": "Label"
                    }
                },
                {
                    "lblData": {
                        "@class": "com.viz.ide.model.segment.SimpleTextSegmentData",
                        "text": "Label"
                    }
                },
                {
                    "lblData": {
                        "@class": "com.viz.ide.model.segment.SimpleTextSegmentData",
                        "text": "Label"
                    }
                },
                {
                    "lblData": {
                        "@class": "com.viz.ide.model.segment.SimpleTextSegmentData",
                        "text": "Label"
                    }
                },
                {
                    "lblData": {
                        "@class": "com.viz.ide.model.segment.SimpleTextSegmentData",
                        "text": "Label"
                    }
                },
                {
                    "lblData": {
                        "@class": "com.viz.ide.model.segment.SimpleTextSegmentData",
                        "text": "Label"
                    }
                },
                {
                    "lblData": {
                        "@class": "com.viz.ide.model.segment.SimpleTextSegmentData",
                        "text": "Label"
                    }
                },
                {
                    "lblData": {
                        "@class": "com.viz.ide.model.segment.SimpleTextSegmentData",
                        "text": "Label"
                    }
                },
                {
                    "lblData": {
                        "@class": "com.viz.ide.model.segment.SimpleTextSegmentData",
                        "text": "Label"
                    }
                }
            ]
        ]
    ],
    "_height_": {
        "type": "string",
        "value": "75%"
    },
    "_indicator_": "none",
    "_margin_": [
        0,
        0,
        0,
        0
    ],
    "_orientation_": 2,
    "_padding_": [
        0,
        0,
        0,
        0
    ],
    "_top_": {
        "type": "string",
        "value": "20%"
    },
    "_width_": {
        "type": "string",
        "value": "90%"
    },
    "autogrowmode": 0,
    "canUpdateUI": true,
    "centerx": {
        "type": "string",
        "value": "50%"
    },
    "containerweight": 100,
    "counter": "19",
    "focusedindex": null,
    "focuseditem": null,
    "groupcells": false,
    "hasSections": true,
    "id": "segAccounts",
    "info": null,
    "ipad": {
        "psp": {
            "indicator": "rowselect"
        }
    },
    "iphone": {
        "psp": {
            "indicator": "rowselect"
        }
    },
    "iscustomlayout": false,
    "isvisible": true,
    "kuid": "i7c0b2f75eb74c4fbd0c7be5e840ccde",
    "masterdata": {},
    "name": "kony.ui.SegmentedUI2",
    "needpageindicator": true,
    "pageoffdotimage": "pageoffdot.png",
    "pageondotimage": "pageondot.png",
    "paginationconfig": {
        "position": "bottom"
    },
    "parent": "frmAccounts",
    "pf": "frmAccounts",
    "retaincontentalignment": false,
    "retainflexpositionproperties": false,
    "retainselection": false,
    "rowTemplateId": "bf3377e11bb24292a463d9e07f05e6fc",
    "rowcounter": 9,
    "rowfocusskin": "sc5b190914cc4d97aa2243d5d0a1bcbd",
    "rowskin": "s1ace0b962914628a08f27f365253c85",
    "rowtemplate": "flexSegRow",
    "screenlevelwidget": false,
    "seccounter": 1,
    "sectionHeaderTemplateId": "a5a60af5c70b4fbd80cd532cc7b72281",
    "sectionheaderskin": "sbaeb7bade9f4aa38119e2d4ce26e3cb",
    "sectionheadertemplate": "flexSegSectionHeader",
    "selectedRows": null,
    "selectedState": false,
    "selectedindex": null,
    "selectedindices": null,
    "selecteditems": null,
    "selectedsectionindex": 0,
    "selectionbehavior": "default",
    "separatorcolor": "aaaaaa00",
    "separatorrequired": true,
    "separatorthickness": 1,
    "showscrollbars": false,
    "viewtype": "tableview",
    "vizProps": {},
    "wType": "Segment",
    "widgetalignment": 5,
    "widgetdatamap": {
        "flexSegRow": "flexSegRow",
        "flexSegSectionHeader": "flexSegSectionHeader",
        "lblData": "lblData",
        "lblSectionHeader": "lblSectionHeader"
    },
    "zindex": 1
}