{
    "@class": "com.kony.gen.viz.model.component.KVizButton",
    "DNDConfig": null,
    "_height_": {
        "type": "string",
        "value": "50dp"
    },
    "_margin_": [
        6,
        6,
        6,
        6
    ],
    "_padding_": [
        0,
        0,
        0,
        0
    ],
    "_skin_": "s63f6e0a6c6341fbb923fee7bc3ebda4",
    "_text_": "Login",
    "_top_": {
        "type": "string",
        "value": "20dp"
    },
    "_width_": {
        "type": "string",
        "value": "300dp"
    },
    "canUpdateUI": true,
    "centerx": {
        "type": "string",
        "value": "50%"
    },
    "containerweight": 100,
    "contentalignment": 5,
    "displaytext": true,
    "focusskin": "s90642eef33540ea8f47e656b3ae8d46",
    "id": "btnLogin",
    "ide_onClick": "AS_Button_a7ea61ee51ab475f9e59ac1096b1d1b1",
    "info": null,
    "iscustomlayout": false,
    "isvisible": true,
    "kuid": "e7d4d5918bff4fc38545b150721caa1d",
    "name": "kony.ui.Button",
    "parent": "login",
    "pf": "userwidgetmodel",
    "retaincontentalignment": false,
    "retainflexpositionproperties": false,
    "wType": "Button",
    "zindex": 1
}