{
    "@class": "com.kony.gen.viz.model.container.KVizForm",
    "DNDConfig": null,
    "_margin_": [
        0,
        0,
        0,
        0
    ],
    "_orientation_": 1,
    "_padding_": [
        0,
        0,
        0,
        0
    ],
    "_percent_": true,
    "_skin_": "sded78fa02d44386bce7df8d87e4d7f8",
    "_title_": null,
    "addWidgetsdone": false,
    "allboxes": [],
    "breakpointInfo": {
        "b1": {
            "width": 1366
        },
        "b2": {
            "width": 1024
        },
        "b3": {
            "width": 640
        }
    },
    "canUpdateUI": true,
    "canvasWidth": 1200,
    "children": [
        "login"
    ],
    "containerweight": 100,
    "currentLocale": "default",
    "device": "desktopweb",
    "displayorientation": 3,
    "enabledforidletimeout": false,
    "id": "userwidgetmodel",
    "info": null,
    "initdone": false,
    "inputaccessoryviewtype": 4,
    "intransitionconfig": {
        "formTransition": "None"
    },
    "iscustomlayout": false,
    "isvisible": true,
    "kuid": "ub3692e7d4a344b8b33b0ab15abea667",
    "layouttype": 2,
    "masterType": 1,
    "name": "kony.ui.Form2",
    "needappmenu": true,
    "outtransitionconfig": {
        "formTransition": "None"
    },
    "paddinginpixel": false,
    "platform": "desktopweb",
    "prevDevice": "desktopweb",
    "prevPlatform": "desktopweb",
    "retaincontentalignment": false,
    "retainflexpositionproperties": false,
    "retainscrollposition": false,
    "titlebar": true,
    "type": 3,
    "wType": "Form"
}