{
    "DNDConfig": null,
    "_height_": {
        "type": "string",
        "value": "45dp"
    },
    "_margin_": [
        0,
        0,
        0,
        0
    ],
    "_orientation_": 6,
    "_padding_": [
        0,
        0,
        0,
        0
    ],
    "_percent_": true,
    "_skin_": "s06e2842a0e94143818b6ba8dab22f2a",
    "_width_": {
        "type": "string",
        "value": "100%"
    },
    "allboxes": [],
    "autogrowmode": 0,
    "canUpdateUI": true,
    "children": [
        "lblHeading"
    ],
    "clipbounds": true,
    "containerId": true,
    "containerweight": 100,
    "controllerInfo": {
        "default": {
            "channel": "tablet",
            "name": "flxSectionHeaderTemplateController"
        }
    },
    "enablescrolling": true,
    "id": "flxSectionHeaderTemplate",
    "info": null,
    "isTemplate": true,
    "isvisible": true,
    "kuid": "a5227be3dee840d59d0a91768e09195d",
    "layouttype": 2,
    "name": "kony.ui.FlexContainer",
    "parent": "SampleSectionHeaderTemplate",
    "pf": "SampleSectionHeaderTemplate",
    "snapgridsize": 10,
    "snaptogrid": true,
    "wType": "FlexContainer",
    "widgetalignment": 1
}